,coach,team,season
0,Vince Tobin,ARI,1999
1,Dan Reeves,ATL,1999
2,Brian Billick,BAL,1999
3,Wade Phillips,BUF,1999
4,George Seifert,CAR,1999
5,Dick Jauron,CHI,1999
6,Bruce Coslet,CIN,1999
7,Chris Palmer,CLE,1999
8,Chan Gailey,DAL,1999
9,Mike Shanahan,DEN,1999
10,Bobby Ross,DET,1999
11,Ray Rhodes,GNB,1999
12,Jim Mora,IND,1999
13,Tom Coughlin,JAX,1999
14,Gunther Cunningham,KAN,1999
15,Jimmy Johnson,MIA,1999
16,Dennis Green,MIN,1999
17,Mike Ditka,NOR,1999
18,Pete Carroll,NWE,1999
19,Jim Fassel,NYG,1999
20,Bill Parcells,NYJ,1999
21,Jon Gruden,OAK,1999
22,Andy Reid,PHI,1999
23,Bill Cowher,PIT,1999
24,Mike Riley,SDG,1999
25,Mike Holmgren,SEA,1999
26,Steve Mariucci,SFO,1999
27,Dick Vermeil,STL,1999
28,Tony Dungy,TAM,1999
29,Jeff Fisher,TEN,1999
30,Norv Turner,WAS,1999
31,Dave McGinnis,ARI,2000
32,Vince Tobin,ARI,2000
33,Dan Reeves,ATL,2000
34,Brian Billick,BAL,2000
35,Wade Phillips,BUF,2000
36,George Seifert,CAR,2000
37,Dick Jauron,CHI,2000
38,Bruce Coslet,CIN,2000
39,Dick LeBeau,CIN,2000
40,Chris Palmer,CLE,2000
41,Dave Campo,DAL,2000
42,Mike Shanahan,DEN,2000
43,Gary Moeller,DET,2000
44,Bobby Ross,DET,2000
45,Mike Sherman,GNB,2000
46,Jim Mora,IND,2000
47,Tom Coughlin,JAX,2000
48,Gunther Cunningham,KAN,2000
49,Dave Wannstedt,MIA,2000
50,Dennis Green,MIN,2000
51,Jim Haslett,NOR,2000
52,Bill Belichick,NWE,2000
53,Jim Fassel,NYG,2000
54,Al Groh,NYJ,2000
55,Jon Gruden,OAK,2000
56,Andy Reid,PHI,2000
57,Bill Cowher,PIT,2000
58,Mike Riley,SDG,2000
59,Mike Holmgren,SEA,2000
60,Steve Mariucci,SFO,2000
61,Mike Martz,STL,2000
62,Tony Dungy,TAM,2000
63,Jeff Fisher,TEN,2000
64,Terry Robiskie,WAS,2000
65,Norv Turner,WAS,2000
66,Dave McGinnis,ARI,2001
67,Dan Reeves,ATL,2001
68,Brian Billick,BAL,2001
69,Gregg Williams,BUF,2001
70,George Seifert,CAR,2001
71,Dick Jauron,CHI,2001
72,Dick LeBeau,CIN,2001
73,Butch Davis,CLE,2001
74,Dave Campo,DAL,2001
75,Mike Shanahan,DEN,2001
76,Marty Mornhinweg,DET,2001
77,Mike Sherman,GNB,2001
78,Jim Mora,IND,2001
79,Tom Coughlin,JAX,2001
80,Dick Vermeil,KAN,2001
81,Dave Wannstedt,MIA,2001
82,Dennis Green,MIN,2001
83,Mike Tice,MIN,2001
84,Jim Haslett,NOR,2001
85,Bill Belichick,NWE,2001
86,Jim Fassel,NYG,2001
87,Herm Edwards,NYJ,2001
88,Jon Gruden,OAK,2001
89,Andy Reid,PHI,2001
90,Bill Cowher,PIT,2001
91,Mike Riley,SDG,2001
92,Mike Holmgren,SEA,2001
93,Steve Mariucci,SFO,2001
94,Mike Martz,STL,2001
95,Tony Dungy,TAM,2001
96,Jeff Fisher,TEN,2001
97,Marty Schottenheimer,WAS,2001
98,Dave McGinnis,ARI,2002
99,Dan Reeves,ATL,2002
100,Brian Billick,BAL,2002
101,Gregg Williams,BUF,2002
102,John Fox,CAR,2002
103,Dick Jauron,CHI,2002
104,Dick LeBeau,CIN,2002
105,Butch Davis,CLE,2002
106,Dave Campo,DAL,2002
107,Mike Shanahan,DEN,2002
108,Marty Mornhinweg,DET,2002
109,Mike Sherman,GNB,2002
110,Dom Capers,HOU,2002
111,Tony Dungy,IND,2002
112,Tom Coughlin,JAX,2002
113,Dick Vermeil,KAN,2002
114,Dave Wannstedt,MIA,2002
115,Mike Tice,MIN,2002
116,Jim Haslett,NOR,2002
117,Bill Belichick,NWE,2002
118,Jim Fassel,NYG,2002
119,Herm Edwards,NYJ,2002
120,Bill Callahan,OAK,2002
121,Andy Reid,PHI,2002
122,Bill Cowher,PIT,2002
123,Marty Schottenheimer,SDG,2002
124,Mike Holmgren,SEA,2002
125,Steve Mariucci,SFO,2002
126,Mike Martz,STL,2002
127,Jon Gruden,TAM,2002
128,Jeff Fisher,TEN,2002
129,Steve Spurrier,WAS,2002
130,Dave McGinnis,ARI,2003
131,Wade Phillips,ATL,2003
132,Dan Reeves,ATL,2003
133,Brian Billick,BAL,2003
134,Gregg Williams,BUF,2003
135,John Fox,CAR,2003
136,Dick Jauron,CHI,2003
137,Marvin Lewis,CIN,2003
138,Butch Davis,CLE,2003
139,Bill Parcells,DAL,2003
140,Mike Shanahan,DEN,2003
141,Steve Mariucci,DET,2003
142,Mike Sherman,GNB,2003
143,Dom Capers,HOU,2003
144,Tony Dungy,IND,2003
145,Jack Del Rio,JAX,2003
146,Dick Vermeil,KAN,2003
147,Dave Wannstedt,MIA,2003
148,Mike Tice,MIN,2003
149,Jim Haslett,NOR,2003
150,Bill Belichick,NWE,2003
151,Jim Fassel,NYG,2003
152,Herm Edwards,NYJ,2003
153,Bill Callahan,OAK,2003
154,Andy Reid,PHI,2003
155,Bill Cowher,PIT,2003
156,Marty Schottenheimer,SDG,2003
157,Mike Holmgren,SEA,2003
158,Dennis Erickson,SFO,2003
159,Mike Martz,STL,2003
160,Jon Gruden,TAM,2003
161,Jeff Fisher,TEN,2003
162,Steve Spurrier,WAS,2003
163,Dennis Green,ARI,2004
164,Jim Mora,ATL,2004
165,Brian Billick,BAL,2004
166,Mike Mularkey,BUF,2004
167,John Fox,CAR,2004
168,Lovie Smith,CHI,2004
169,Marvin Lewis,CIN,2004
170,Butch Davis,CLE,2004
171,Terry Robiskie,CLE,2004
172,Bill Parcells,DAL,2004
173,Mike Shanahan,DEN,2004
174,Steve Mariucci,DET,2004
175,Mike Sherman,GNB,2004
176,Dom Capers,HOU,2004
177,Tony Dungy,IND,2004
178,Jack Del Rio,JAX,2004
179,Dick Vermeil,KAN,2004
180,Jim Bates,MIA,2004
181,Dave Wannstedt,MIA,2004
182,Mike Tice,MIN,2004
183,Jim Haslett,NOR,2004
184,Bill Belichick,NWE,2004
185,Tom Coughlin,NYG,2004
186,Herm Edwards,NYJ,2004
187,Norv Turner,OAK,2004
188,Andy Reid,PHI,2004
189,Bill Cowher,PIT,2004
190,Marty Schottenheimer,SDG,2004
191,Mike Holmgren,SEA,2004
192,Dennis Erickson,SFO,2004
193,Mike Martz,STL,2004
194,Jon Gruden,TAM,2004
195,Jeff Fisher,TEN,2004
196,Joe Gibbs,WAS,2004
197,Dennis Green,ARI,2005
198,Jim Mora,ATL,2005
199,Brian Billick,BAL,2005
200,Mike Mularkey,BUF,2005
201,John Fox,CAR,2005
202,Lovie Smith,CHI,2005
203,Marvin Lewis,CIN,2005
204,Romeo Crennel,CLE,2005
205,Bill Parcells,DAL,2005
206,Mike Shanahan,DEN,2005
207,Dick Jauron,DET,2005
208,Steve Mariucci,DET,2005
209,Mike Sherman,GNB,2005
210,Dom Capers,HOU,2005
211,Tony Dungy,IND,2005
212,Jack Del Rio,JAX,2005
213,Dick Vermeil,KAN,2005
214,Nick Saban,MIA,2005
215,Mike Tice,MIN,2005
216,Jim Haslett,NOR,2005
217,Bill Belichick,NWE,2005
218,Tom Coughlin,NYG,2005
219,Herm Edwards,NYJ,2005
220,Norv Turner,OAK,2005
221,Andy Reid,PHI,2005
222,Bill Cowher,PIT,2005
223,Marty Schottenheimer,SDG,2005
224,Mike Holmgren,SEA,2005
225,Mike Nolan,SFO,2005
226,Mike Martz,STL,2005
227,Joe Vitt,STL,2005
228,Jon Gruden,TAM,2005
229,Jeff Fisher,TEN,2005
230,Joe Gibbs,WAS,2005
231,Dennis Green,ARI,2006
232,Jim Mora,ATL,2006
233,Brian Billick,BAL,2006
234,Dick Jauron,BUF,2006
235,John Fox,CAR,2006
236,Lovie Smith,CHI,2006
237,Marvin Lewis,CIN,2006
238,Romeo Crennel,CLE,2006
239,Bill Parcells,DAL,2006
240,Mike Shanahan,DEN,2006
241,Rod Marinelli,DET,2006
242,Mike McCarthy,GNB,2006
243,Gary Kubiak,HOU,2006
244,Tony Dungy,IND,2006
245,Jack Del Rio,JAX,2006
246,Herm Edwards,KAN,2006
247,Nick Saban,MIA,2006
248,Brad Childress,MIN,2006
249,Sean Payton,NOR,2006
250,Bill Belichick,NWE,2006
251,Tom Coughlin,NYG,2006
252,Eric Mangini,NYJ,2006
253,Art Shell,OAK,2006
254,Andy Reid,PHI,2006
255,Bill Cowher,PIT,2006
256,Marty Schottenheimer,SDG,2006
257,Mike Holmgren,SEA,2006
258,Mike Nolan,SFO,2006
259,Scott Linehan,STL,2006
260,Jon Gruden,TAM,2006
261,Jeff Fisher,TEN,2006
262,Joe Gibbs,WAS,2006
263,Ken Whisenhunt,ARI,2007
264,Bobby Petrino,ATL,2007
265,Emmitt Thomas,ATL,2007
266,Brian Billick,BAL,2007
267,Dick Jauron,BUF,2007
268,John Fox,CAR,2007
269,Lovie Smith,CHI,2007
270,Marvin Lewis,CIN,2007
271,Romeo Crennel,CLE,2007
272,Wade Phillips,DAL,2007
273,Mike Shanahan,DEN,2007
274,Rod Marinelli,DET,2007
275,Mike McCarthy,GNB,2007
276,Gary Kubiak,HOU,2007
277,Tony Dungy,IND,2007
278,Jack Del Rio,JAX,2007
279,Herm Edwards,KAN,2007
280,Cam Cameron,MIA,2007
281,Brad Childress,MIN,2007
282,Sean Payton,NOR,2007
283,Bill Belichick,NWE,2007
284,Tom Coughlin,NYG,2007
285,Eric Mangini,NYJ,2007
286,Lane Kiffin,OAK,2007
287,Andy Reid,PHI,2007
288,Mike Tomlin,PIT,2007
289,Norv Turner,SDG,2007
290,Mike Holmgren,SEA,2007
291,Mike Nolan,SFO,2007
292,Scott Linehan,STL,2007
293,Jon Gruden,TAM,2007
294,Jeff Fisher,TEN,2007
295,Joe Gibbs,WAS,2007
296,Ken Whisenhunt,ARI,2008
297,Mike Smith,ATL,2008
298,John Harbaugh,BAL,2008
299,Dick Jauron,BUF,2008
300,John Fox,CAR,2008
301,Lovie Smith,CHI,2008
302,Marvin Lewis,CIN,2008
303,Romeo Crennel,CLE,2008
304,Wade Phillips,DAL,2008
305,Mike Shanahan,DEN,2008
306,Rod Marinelli,DET,2008
307,Mike McCarthy,GNB,2008
308,Gary Kubiak,HOU,2008
309,Tony Dungy,IND,2008
310,Jack Del Rio,JAX,2008
311,Herm Edwards,KAN,2008
312,Tony Sparano,MIA,2008
313,Brad Childress,MIN,2008
314,Sean Payton,NOR,2008
315,Bill Belichick,NWE,2008
316,Tom Coughlin,NYG,2008
317,Eric Mangini,NYJ,2008
318,Tom Cable,OAK,2008
319,Lane Kiffin,OAK,2008
320,Andy Reid,PHI,2008
321,Mike Tomlin,PIT,2008
322,Norv Turner,SDG,2008
323,Mike Holmgren,SEA,2008
324,Mike Nolan,SFO,2008
325,Mike Singletary,SFO,2008
326,Jim Haslett,STL,2008
327,Scott Linehan,STL,2008
328,Jon Gruden,TAM,2008
329,Jeff Fisher,TEN,2008
330,Jim Zorn,WAS,2008
331,Ken Whisenhunt,ARI,2009
332,Mike Smith,ATL,2009
333,John Harbaugh,BAL,2009
334,Perry Fewell,BUF,2009
335,Dick Jauron,BUF,2009
336,John Fox,CAR,2009
337,Lovie Smith,CHI,2009
338,Marvin Lewis,CIN,2009
339,Eric Mangini,CLE,2009
340,Wade Phillips,DAL,2009
341,Josh McDaniels,DEN,2009
342,Jim Schwartz,DET,2009
343,Mike McCarthy,GNB,2009
344,Gary Kubiak,HOU,2009
345,Jim Caldwell,IND,2009
346,Jack Del Rio,JAX,2009
347,Todd Haley,KAN,2009
348,Tony Sparano,MIA,2009
349,Brad Childress,MIN,2009
350,Sean Payton,NOR,2009
351,Bill Belichick,NWE,2009
352,Tom Coughlin,NYG,2009
353,Rex Ryan,NYJ,2009
354,Tom Cable,OAK,2009
355,Andy Reid,PHI,2009
356,Mike Tomlin,PIT,2009
357,Norv Turner,SDG,2009
358,Jim Mora,SEA,2009
359,Mike Singletary,SFO,2009
360,Steve Spagnuolo,STL,2009
361,Raheem Morris,TAM,2009
362,Jeff Fisher,TEN,2009
363,Jim Zorn,WAS,2009
364,Ken Whisenhunt,ARI,2010
365,Mike Smith,ATL,2010
366,John Harbaugh,BAL,2010
367,Chan Gailey,BUF,2010
368,John Fox,CAR,2010
369,Lovie Smith,CHI,2010
370,Marvin Lewis,CIN,2010
371,Eric Mangini,CLE,2010
372,Jason Garrett,DAL,2010
373,Wade Phillips,DAL,2010
374,Josh McDaniels,DEN,2010
375,Eric Studesville,DEN,2010
376,Jim Schwartz,DET,2010
377,Mike McCarthy,GNB,2010
378,Gary Kubiak,HOU,2010
379,Jim Caldwell,IND,2010
380,Jack Del Rio,JAX,2010
381,Todd Haley,KAN,2010
382,Tony Sparano,MIA,2010
383,Brad Childress,MIN,2010
384,Leslie Frazier,MIN,2010
385,Sean Payton,NOR,2010
386,Bill Belichick,NWE,2010
387,Tom Coughlin,NYG,2010
388,Rex Ryan,NYJ,2010
389,Tom Cable,OAK,2010
390,Andy Reid,PHI,2010
391,Mike Tomlin,PIT,2010
392,Norv Turner,SDG,2010
393,Pete Carroll,SEA,2010
394,Mike Singletary,SFO,2010
395,Jim Tomsula,SFO,2010
396,Steve Spagnuolo,STL,2010
397,Raheem Morris,TAM,2010
398,Jeff Fisher,TEN,2010
399,Mike Shanahan,WAS,2010
400,Ken Whisenhunt,ARI,2011
401,Mike Smith,ATL,2011
402,John Harbaugh,BAL,2011
403,Chan Gailey,BUF,2011
404,Ron Rivera,CAR,2011
405,Lovie Smith,CHI,2011
406,Marvin Lewis,CIN,2011
407,Pat Shurmur,CLE,2011
408,Jason Garrett,DAL,2011
409,John Fox,DEN,2011
410,Jim Schwartz,DET,2011
411,Mike McCarthy,GNB,2011
412,Gary Kubiak,HOU,2011
413,Jim Caldwell,IND,2011
414,Jack Del Rio,JAX,2011
415,Mel Tucker,JAX,2011
416,Romeo Crennel,KAN,2011
417,Todd Haley,KAN,2011
418,Todd Bowles,MIA,2011
419,Tony Sparano,MIA,2011
420,Leslie Frazier,MIN,2011
421,Sean Payton,NOR,2011
422,Bill Belichick,NWE,2011
423,Tom Coughlin,NYG,2011
424,Rex Ryan,NYJ,2011
425,Hue Jackson,OAK,2011
426,Andy Reid,PHI,2011
427,Mike Tomlin,PIT,2011
428,Norv Turner,SDG,2011
429,Pete Carroll,SEA,2011
430,Jim Harbaugh,SFO,2011
431,Steve Spagnuolo,STL,2011
432,Raheem Morris,TAM,2011
433,Mike Munchak,TEN,2011
434,Mike Shanahan,WAS,2011
435,Ken Whisenhunt,ARI,2012
436,Mike Smith,ATL,2012
437,John Harbaugh,BAL,2012
438,Chan Gailey,BUF,2012
439,Ron Rivera,CAR,2012
440,Lovie Smith,CHI,2012
441,Marvin Lewis,CIN,2012
442,Pat Shurmur,CLE,2012
443,Jason Garrett,DAL,2012
444,John Fox,DEN,2012
445,Jim Schwartz,DET,2012
446,Mike McCarthy,GNB,2012
447,Gary Kubiak,HOU,2012
448,Chuck Pagano,IND,2012
449,Mike Mularkey,JAX,2012
450,Romeo Crennel,KAN,2012
451,Joe Philbin,MIA,2012
452,Leslie Frazier,MIN,2012
453,Aaron Kromer,NOR,2012
454,Joe Vitt,NOR,2012
455,Bill Belichick,NWE,2012
456,Tom Coughlin,NYG,2012
457,Rex Ryan,NYJ,2012
458,Dennis Allen,OAK,2012
459,Andy Reid,PHI,2012
460,Mike Tomlin,PIT,2012
461,Norv Turner,SDG,2012
462,Pete Carroll,SEA,2012
463,Jim Harbaugh,SFO,2012
464,Jeff Fisher,STL,2012
465,Greg Schiano,TAM,2012
466,Mike Munchak,TEN,2012
467,Mike Shanahan,WAS,2012
468,Bruce Arians,ARI,2013
469,Mike Smith,ATL,2013
470,John Harbaugh,BAL,2013
471,Doug Marrone,BUF,2013
472,Ron Rivera,CAR,2013
473,Marc Trestman,CHI,2013
474,Marvin Lewis,CIN,2013
475,Rob Chudzinski,CLE,2013
476,Jason Garrett,DAL,2013
477,John Fox,DEN,2013
478,Jim Schwartz,DET,2013
479,Mike McCarthy,GNB,2013
480,Gary Kubiak,HOU,2013
481,Wade Phillips,HOU,2013
482,Chuck Pagano,IND,2013
483,Gus Bradley,JAX,2013
484,Andy Reid,KAN,2013
485,Joe Philbin,MIA,2013
486,Leslie Frazier,MIN,2013
487,Sean Payton,NOR,2013
488,Bill Belichick,NWE,2013
489,Tom Coughlin,NYG,2013
490,Rex Ryan,NYJ,2013
491,Dennis Allen,OAK,2013
492,Chip Kelly,PHI,2013
493,Mike Tomlin,PIT,2013
494,Mike McCoy,SDG,2013
495,Pete Carroll,SEA,2013
496,Jim Harbaugh,SFO,2013
497,Jeff Fisher,STL,2013
498,Greg Schiano,TAM,2013
499,Mike Munchak,TEN,2013
500,Mike Shanahan,WAS,2013
501,Bruce Arians,ARI,2014
502,Mike Smith,ATL,2014
503,John Harbaugh,BAL,2014
504,Doug Marrone,BUF,2014
505,Ron Rivera,CAR,2014
506,Marc Trestman,CHI,2014
507,Marvin Lewis,CIN,2014
508,Mike Pettine,CLE,2014
509,Jason Garrett,DAL,2014
510,John Fox,DEN,2014
511,Jim Caldwell,DET,2014
512,Mike McCarthy,GNB,2014
513,Bill O'Brien,HOU,2014
514,Chuck Pagano,IND,2014
515,Gus Bradley,JAX,2014
516,Andy Reid,KAN,2014
517,Joe Philbin,MIA,2014
518,Mike Zimmer,MIN,2014
519,Sean Payton,NOR,2014
520,Bill Belichick,NWE,2014
521,Tom Coughlin,NYG,2014
522,Rex Ryan,NYJ,2014
523,Dennis Allen,OAK,2014
524,Tony Sparano,OAK,2014
525,Chip Kelly,PHI,2014
526,Mike Tomlin,PIT,2014
527,Mike McCoy,SDG,2014
528,Pete Carroll,SEA,2014
529,Jim Harbaugh,SFO,2014
530,Jeff Fisher,STL,2014
531,Lovie Smith,TAM,2014
532,Ken Whisenhunt,TEN,2014
533,Jay Gruden,WAS,2014
534,Bruce Arians,ARI,2015
535,Dan Quinn,ATL,2015
536,John Harbaugh,BAL,2015
537,Rex Ryan,BUF,2015
538,Ron Rivera,CAR,2015
539,John Fox,CHI,2015
540,Marvin Lewis,CIN,2015
541,Mike Pettine,CLE,2015
542,Jason Garrett,DAL,2015
543,Gary Kubiak,DEN,2015
544,Jim Caldwell,DET,2015
545,Mike McCarthy,GNB,2015
546,Bill O'Brien,HOU,2015
547,Chuck Pagano,IND,2015
548,Gus Bradley,JAX,2015
549,Andy Reid,KAN,2015
550,Dan Campbell,MIA,2015
551,Joe Philbin,MIA,2015
552,Mike Zimmer,MIN,2015
553,Sean Payton,NOR,2015
554,Bill Belichick,NWE,2015
555,Tom Coughlin,NYG,2015
556,Todd Bowles,NYJ,2015
557,Jack Del Rio,OAK,2015
558,Chip Kelly,PHI,2015
559,Pat Shurmur,PHI,2015
560,Mike Tomlin,PIT,2015
561,Mike McCoy,SDG,2015
562,Pete Carroll,SEA,2015
563,Jim Tomsula,SFO,2015
564,Jeff Fisher,STL,2015
565,Lovie Smith,TAM,2015
566,Ken Whisenhunt,TEN,2015
567,Mike Mularkey,TEN,2015
568,Jay Gruden,WAS,2015
569,Bruce Arians,ARI,2016
570,Dan Quinn,ATL,2016
571,John Harbaugh,BAL,2016
572,Anthony Lynn,BUF,2016
573,Rex Ryan,BUF,2016
574,Ron Rivera,CAR,2016
575,John Fox,CHI,2016
576,Marvin Lewis,CIN,2016
577,Hue Jackson,CLE,2016
578,Jason Garrett,DAL,2016
579,Gary Kubiak,DEN,2016
580,Jim Caldwell,DET,2016
581,Mike McCarthy,GNB,2016
582,Bill O'Brien,HOU,2016
583,Chuck Pagano,IND,2016
584,Doug Marrone,JAX,2016
585,Gus Bradley,JAX,2016
586,Andy Reid,KAN,2016
587,John Fassel,LAR,2016
588,Jeff Fisher,LAR,2016
589,Adam Gase,MIA,2016
590,Mike Zimmer,MIN,2016
591,Sean Payton,NOR,2016
592,Bill Belichick,NWE,2016
593,Ben McAdoo,NYG,2016
594,Todd Bowles,NYJ,2016
595,Jack Del Rio,OAK,2016
596,Doug Pederson,PHI,2016
597,Mike Tomlin,PIT,2016
598,Mike McCoy,SDG,2016
599,Pete Carroll,SEA,2016
600,Chip Kelly,SFO,2016
601,Dirk Koetter,TAM,2016
602,Mike Mularkey,TEN,2016
603,Jay Gruden,WAS,2016
604,Bruce Arians,ARI,2017
605,Dan Quinn,ATL,2017
606,John Harbaugh,BAL,2017
607,Sean McDermott,BUF,2017
608,Ron Rivera,CAR,2017
609,John Fox,CHI,2017
610,Marvin Lewis,CIN,2017
611,Hue Jackson,CLE,2017
612,Jason Garrett,DAL,2017
613,Vance Joseph,DEN,2017
614,Jim Caldwell,DET,2017
615,Mike McCarthy,GNB,2017
616,Bill O'Brien,HOU,2017
617,Chuck Pagano,IND,2017
618,Doug Marrone,JAX,2017
619,Andy Reid,KAN,2017
620,Anthony Lynn,LAC,2017
621,Sean McVay,LAR,2017
622,Adam Gase,MIA,2017
623,Mike Zimmer,MIN,2017
624,Sean Payton,NOR,2017
625,Bill Belichick,NWE,2017
626,Ben McAdoo,NYG,2017
627,Steve Spagnuolo,NYG,2017
628,Todd Bowles,NYJ,2017
629,Jack Del Rio,OAK,2017
630,Doug Pederson,PHI,2017
631,Mike Tomlin,PIT,2017
632,Pete Carroll,SEA,2017
633,Kyle Shanahan,SFO,2017
634,Dirk Koetter,TAM,2017
635,Mike Mularkey,TEN,2017
636,Jay Gruden,WAS,2017
637,Steve Wilks,ARI,2018
638,Dan Quinn,ATL,2018
639,John Harbaugh,BAL,2018
640,Sean McDermott,BUF,2018
641,Ron Rivera,CAR,2018
642,Matt Nagy,CHI,2018
643,Marvin Lewis,CIN,2018
644,Hue Jackson,CLE,2018
645,Gregg Williams,CLE,2018
646,Jason Garrett,DAL,2018
647,Vance Joseph,DEN,2018
648,Matt Patricia,DET,2018
649,Mike McCarthy,GNB,2018
650,Joe Philbin,GNB,2018
651,Bill O'Brien,HOU,2018
652,Frank Reich,IND,2018
653,Doug Marrone,JAX,2018
654,Andy Reid,KAN,2018
655,Anthony Lynn,LAC,2018
656,Sean McVay,LAR,2018
657,Adam Gase,MIA,2018
658,Mike Zimmer,MIN,2018
659,Sean Payton,NOR,2018
660,Bill Belichick,NWE,2018
661,Pat Shurmur,NYG,2018
662,Todd Bowles,NYJ,2018
663,Jon Gruden,OAK,2018
664,Doug Pederson,PHI,2018
665,Mike Tomlin,PIT,2018
666,Pete Carroll,SEA,2018
667,Kyle Shanahan,SFO,2018
668,Dirk Koetter,TAM,2018
669,Mike Vrabel,TEN,2018
670,Jay Gruden,WAS,2018
671,Kliff Kingsbury,ARI,2019
672,Dan Quinn,ATL,2019
673,John Harbaugh,BAL,2019
674,Sean McDermott,BUF,2019
675,Perry Fewell,CAR,2019
676,Ron Rivera,CAR,2019
677,Matt Nagy,CHI,2019
678,Zac Taylor,CIN,2019
679,Freddie Kitchens,CLE,2019
680,Jason Garrett,DAL,2019
681,Vic Fangio,DEN,2019
682,Matt Patricia,DET,2019
683,Matt LaFleur,GNB,2019
684,Bill O'Brien,HOU,2019
685,Frank Reich,IND,2019
686,Doug Marrone,JAX,2019
687,Andy Reid,KAN,2019
688,Anthony Lynn,LAC,2019
689,Sean McVay,LAR,2019
690,Brian Flores,MIA,2019
691,Mike Zimmer,MIN,2019
692,Sean Payton,NOR,2019
693,Bill Belichick,NWE,2019
694,Pat Shurmur,NYG,2019
695,Adam Gase,NYJ,2019
696,Jon Gruden,OAK,2019
697,Doug Pederson,PHI,2019
698,Mike Tomlin,PIT,2019
699,Pete Carroll,SEA,2019
700,Kyle Shanahan,SFO,2019
701,Bruce Arians,TAM,2019
702,Mike Vrabel,TEN,2019
703,Bill Callahan,WAS,2019
704,Jay Gruden,WAS,2019
705,Kliff Kingsbury,ARI,2020
706,Raheem Morris,ATL,2020
707,Dan Quinn,ATL,2020
708,John Harbaugh,BAL,2020
709,Sean McDermott,BUF,2020
710,Matt Rhule,CAR,2020
711,Matt Nagy,CHI,2020
712,Zac Taylor,CIN,2020
713,Kevin Stefanski,CLE,2020
714,Mike McCarthy,DAL,2020
715,Vic Fangio,DEN,2020
716,Darrell Bevell,DET,2020
717,Matt Patricia,DET,2020
718,Matt LaFleur,GNB,2020
719,Bill O'Brien,HOU,2020
720,Romeo Crennel,HOU,2020
721,Frank Reich,IND,2020
722,Doug Marrone,JAX,2020
723,Andy Reid,KAN,2020
724,Anthony Lynn,LAC,2020
725,Sean McVay,LAR,2020
726,Jon Gruden,LVR,2020
727,Brian Flores,MIA,2020
728,Mike Zimmer,MIN,2020
729,Sean Payton,NOR,2020
730,Bill Belichick,NWE,2020
731,Joe Judge,NYG,2020
732,Adam Gase,NYJ,2020
733,Doug Pederson,PHI,2020
734,Mike Tomlin,PIT,2020
735,Pete Carroll,SEA,2020
736,Kyle Shanahan,SFO,2020
737,Bruce Arians,TAM,2020
738,Mike Vrabel,TEN,2020
739,Ron Rivera,WAS,2020
